pair	class	pdf	printed	scene	canonical_path	canonical_line	scene_path	scene_line	canonical_text	scene_text
51	bracket-parenthesis	13	5	5	works/tirumbippaar/transcription/parts/part-01-pdf-9-13.md	140	works/tirumbippaar/scenes/scene-05.md	6	[கட்டப்பட்ட பார்சல்கள், புக் போஸ்டுகள்மீது பதிப்பகத்தின் ரப்பர் ஸ்டாம்பு குத்தப்படும் சப்தம் டக் டக் என்று கேட்டபடி இருக்கிறது]	(கட்டப்பட்ட பார்சல்கள், புக்போஸ்டுகள் மீது பதிப்பகத்தின் ரப்பர் ஸ்டாம்பு குத்தப்படும் சப்தம் டக் டக் என்று கேட்டபடி இருக்கிறது]
52	bracket-parenthesis	13	5	5	works/tirumbippaar/transcription/parts/part-01-pdf-9-13.md	142	works/tirumbippaar/scenes/scene-05.md	7	கருடன்: (ஆபீஸ் பையனிடம்) பையா...உம்...பார்சலுக்கு நேரமாச்சு புறப்படு...புறப்படு. பாக்கி நாளைக்கு அனுப்பலாம்.	கருடன்: (ஆபீஸ் பையனிடம் பையா... உம்... பார்சலுக்கு நேரமாச்சு புறப்படு... புறப்படு. பாக்கி நாளைக்கு அனுப்பலாம்.
53	quote-dash-glyph	13	5	5	works/tirumbippaar/transcription/parts/part-01-pdf-9-13.md	144	works/tirumbippaar/scenes/scene-05.md	8	(‘டக் டக்’ என்று தட்டும் சப்தம்)	(‘டக் டக்' என்று தட்டும் சப்தம்)
54	whitespace-only	13	5	5	works/tirumbippaar/transcription/parts/part-01-pdf-9-13.md	146	works/tirumbippaar/scenes/scene-05.md	9	கருடன்: யாரு? உள்ளே வாருங்க.	கருடன் : யாரு? உள்ளே வாருங்க.
56	bracket-parenthesis	13	5	5	works/tirumbippaar/transcription/parts/part-01-pdf-9-13.md	150	works/tirumbippaar/scenes/scene-05.md	11	கருடன்: யாரு...எங்கேயோ பாத்தமாதிரி...(சந்தேகமாய்)	கருடன் : யாரு... எங்கேயோ பாத்தமாதிரி .... (சந்தேகமாய்)
57	bracket-parenthesis	13	5	5	works/tirumbippaar/transcription/parts/part-01-pdf-9-13.md	152	works/tirumbippaar/scenes/scene-05.md	12	பாண்டியன்: (கோபமாய்) மறந்திருப்பீர். நான்தான் பாண்டியன். ஞாபகமிருக்கிறதா? (தன் கையிலுள்ள நூலைக் காட்டி) இந்தப் புத்தகத்தின் உண்மையான ஆசிரியர்......	பாண்டியன்: (கோபமாய்) மறந்திருப்பீர். நான்தான் பாண்டியன். ஞாபகமிருக்கிறதா? (தன் கையிலுள்ள நூலைக் காட்டி) இந்தப் புத்தகத்தின் உண்மையான ஆசிரியர்
58	ellipsis-punct-count	13	5	5	works/tirumbippaar/transcription/parts/part-01-pdf-9-13.md	154	works/tirumbippaar/scenes/scene-05.md	13	கருடன்: சே சே...இதற்கு ஆசிரியர் பரந்தாமன் என்று அட்டையிலே போட்டிருக்கிறதே!	கருடன் : சே சே.. இதற்கு ஆசிரியர் பரந்தாமன் என்று அட்டையிலே போட்டிருக்கிறதே !
95	bracket-parenthesis	16	8	6	works/tirumbippaar/transcription/parts/part-02-pdf-14-35.md	58	works/tirumbippaar/scenes/scene-06.md	20	பரந்தாமன் : பாமா! கண்ணே/ (நெருங்கல்)	பரந்தாமன் : பாமா! கண்ணே! (நெருங்கல்)
103	ellipsis-punct-count	17	9	7	works/tirumbippaar/transcription/parts/part-02-pdf-14-35.md	74	works/tirumbippaar/scenes/scene-07.md	14	குமுதா: பரீட்சை சின்னம்மா. உடனே வரமுடியிலே	குமுதா: பரீட்சை சின்னம்மா. உடனே வரமுடியிலே...
104	whitespace-only	17	9	7	works/tirumbippaar/transcription/parts/part-02-pdf-14-35.md	75	works/tirumbippaar/scenes/scene-07.md	16	பூமாலை : உட்காரு குமுதா. தம்பிக்கு உன்னை கல்யாணம் செஞ்சு வச்சு வீட்டோட இருப்பேன்னு நெனச்சேன் ...	பூமாலை: உட்காரு குமுதா. தம்பிக்கு உன்னை கல்யாணம் செஞ்சு வச்சு வீட்டோட இருப்பேன்னு நெனச்சேன்...
108	whitespace-only	17	9	7	works/tirumbippaar/transcription/parts/part-02-pdf-14-35.md	79	works/tirumbippaar/scenes/scene-07.md	24	பரந்தாமன் : அடடே ! குமுதா தேவி எப்போது வந்தார்கள்?	பரந்தாமன்: அடடே! குமுதா தேவி எப்போது வந்தார்கள்?
112	whitespace-only	18	10	7	works/tirumbippaar/transcription/parts/part-02-pdf-14-35.md	86	works/tirumbippaar/scenes/scene-07.md	34	குமுதா: கல்யாண உற்சாகத்திலே மாமாவுக்கு கவிதைகளால்ல ஊறுது !	குமுதா: கல்யாண உற்சாகத்திலே மாமாவுக்கு கவிதைகளால்ல ஊறுது!
113	whitespace-only	18	10	7	works/tirumbippaar/transcription/parts/part-02-pdf-14-35.md	87	works/tirumbippaar/scenes/scene-07.md	36	குண்டுமணி: அதுவும் கலர் கவிதைகளால்ல ஊறுது ! (சிரிப்பு)	குண்டுமணி: அதுவும் கலர் கவிதைகளால்ல ஊறுது! (சிரிப்பு)
115	ellipsis-punct-count	18	10	8	works/tirumbippaar/transcription/parts/part-02-pdf-14-35.md	95	works/tirumbippaar/scenes/scene-08.md	10	புரோகிதர்: எங்கே மாப்பிள்ளை - முகூர்த்தநேரம் தவறிடும் - சீக்கிரம்- சீக்கிரம் ..	புரோகிதர்: எங்கே மாப்பிள்ளை—முகூர்த்தநேரம் தவறிடும்—சீக்கிரம்—சீக்கிரம்...
116	whitespace-only	18	10	8	works/tirumbippaar/transcription/parts/part-02-pdf-14-35.md	96	works/tirumbippaar/scenes/scene-08.md	12	குமுதா: சின்னம்மா ! மாமாவைக் காணும்.	குமுதா: சின்னம்மா! மாமாவைக் காணும்.
117	whitespace-only	18	10	8	works/tirumbippaar/transcription/parts/part-02-pdf-14-35.md	97	works/tirumbippaar/scenes/scene-08.md	14	பூமாலை : ஆ ! காணுமா.	பூமாலை: ஆ! காணுமா.
118	whitespace-only	18	10	8	works/tirumbippaar/transcription/parts/part-02-pdf-14-35.md	98	works/tirumbippaar/scenes/scene-08.md	16	(மாப்பிள்ளையைக் காணும் ரகளை )	(மாப்பிள்ளையைக் காணும் ரகளை)
119	bracket-parenthesis	18	10	9	works/tirumbippaar/transcription/parts/part-02-pdf-14-35.md	104	works/tirumbippaar/scenes/scene-09.md	6	(மாடியில் தேடி அலுத்து பிரமைபிடித்தவள்போலிருக்கும் பூமாலையிடம் குமுதா ஓடிவருகிறாள்]	[மாடியில் தேடி அலுத்து பிரமைபிடித்தவள்போலிருக்கும் பூமாலையிடம் குமுதா ஓடிவருகிறாள்]
120	whitespace-only	18	10	9	works/tirumbippaar/transcription/parts/part-02-pdf-14-35.md	105	works/tirumbippaar/scenes/scene-09.md	8	பூமாலை: குமுதா !	பூமாலை: குமுதா!
123	bracket-parenthesis	18	10	10	works/tirumbippaar/transcription/parts/part-02-pdf-14-35.md	112	works/tirumbippaar/scenes/scene-10.md	6	(பாமாவின் கண்ணிலிருந்து நீர் வழிகிறது. வழிந்த நீர் கையில் விழுகிறது. கையில் விழுந்த நீர் அருவியாக மாறுகிறது, அருவி ஆறாகப் போகிறது.]	[பாமாவின் கண்ணிலிருந்து நீர் வழிகிறது. வழிந்த நீர் கையில் விழுகிறது. கையில் விழுந்த நீர் அருவியாக மாறுகிறது. அருவி ஆறாகப் போகிறது.]
124	bracket-parenthesis	19	11	11	works/tirumbippaar/transcription/parts/part-02-pdf-14-35.md	119	works/tirumbippaar/scenes/scene-11.md	6	(படகொன்று போய்க் கொண்டிருக்கிறது. படகில் பரந்தாமனும், வேறு ஒரு பெண்ணும் பாடிக்கொண்டு போகிறார்கள்.)	[படகொன்று போய்க் கொண்டிருக்கிறது. படகில் பரந்தாமனும், வேறு ஒரு பெண்ணும் பாடிக் கொண்டு போகிறார்கள்.]
185	whitespace-only	24	16	16	works/tirumbippaar/transcription/parts/part-02-pdf-14-35.md	220	works/tirumbippaar/scenes/scene-16.md	8	கருடன் : சிங்க நல்லூர் சிவசக்தி மில்ஸ் மேஸ்திரி புண்யகோடியின் மகன் எழுத்தாளர் பாண்டியனுக்கும், கோவை மெர்ச்சண்ட் குணரத்னம் திருச் செல்வி பாமாவுக்கும் திருமண விழா மணமகள் இல்லத்தில் சிறப்பாக நடைபெறும். தங்கள் சுற்றமும்.....	கருடன்: சிங்க நல்லூர் சிவசக்தி மில்ஸ் மேஸ்திரி புண்யகோடியின் மகன் எழுத்தாளர் பாண்டியனுக்கும், கோவை மெர்ச்சண்ட் குணரத்னம் திருச் செல்வி பாமாவுக்கும் திருமண விழா மணமகள் இல்லத்தில் சிறப்பாக நடைபெறும். தங்கள் சுற்றமும்.....
187	whitespace-only	24	16	16	works/tirumbippaar/transcription/parts/part-02-pdf-14-35.md	222	works/tirumbippaar/scenes/scene-16.md	12	கருடன் : அந்தப் பயல் பாண்டியன் நம்ப விஷயத்திலே குறுக்கிட்டு கொண்டேயிருக்கிறான். அன்னைக்கு என்னடான்னா நாடகம் நடத்தி நம்ம கொள்கையை கிண்டல் பண்றான். இன்னைக்கு என்னடான்னா நம்ப கல்யாணம் பண்ணிக்க வேண்டிய பெண்ணை ..	கருடன்: அந்தப் பயல் பாண்டியன் நம்ப விஷயத்திலே குறுக்கிட்டு கொண்டேயிருக்கிறான். அன்னைக்கு என்னடான்னா நாடகம் நடத்தி நம்ம கொள்கையை கிண்டல் பண்றான். இன்னைக்கு என்னடான்னா நம்ப கல்யாணம் பண்ணிக்க வேண்டிய பெண்ணை ..
189	whitespace-only	24	16	16	works/tirumbippaar/transcription/parts/part-02-pdf-14-35.md	224	works/tirumbippaar/scenes/scene-16.md	16	கருடன் : இல்லை. நீ கல்யாணம் பண்ணிக்க வேண்டிய பெண்ணை ...	கருடன்: இல்லை. நீ கல்யாணம் பண்ணிக்க வேண்டிய பெண்ணை ...
190	whitespace-only	24	16	16	works/tirumbippaar/transcription/parts/part-02-pdf-14-35.md	225	works/tirumbippaar/scenes/scene-16.md	18	பரந்தாமன் : யார் விட்டார்கள்.	பரந்தாமன்: யார் விட்டார்கள்.
192	whitespace-only	25	17	17	works/tirumbippaar/transcription/parts/part-02-pdf-14-35.md	235	works/tirumbippaar/scenes/scene-17.md	10	பரந்தாமன் : பாமா!	பரந்தாமன்: பாமா!
195	whitespace-only	25	17	17	works/tirumbippaar/transcription/parts/part-02-pdf-14-35.md	238	works/tirumbippaar/scenes/scene-17.md	16	பரந்தாமன் : ஸ்...சத்தம் போடாதே ! தூங்குபவர்கள் விழித்துக் கொள்வார்கள். பாமா என்னைப் பார்! பார்க்கமாட்டாயா..... ஏன் பாமா என்னை இப்படி ஏமாற்றினாய்...	பரந்தாமன்: ஸ்...சத்தம் போடாதே! தூங்குபவர்கள் விழித்துக் கொள்வார்கள். பாமா என்னைப் பார்! பார்க்கமாட்டாயா..... ஏன் பாமா என்னை இப்படி ஏமாற்றினாய்...
196	whitespace-only	25	17	17	works/tirumbippaar/transcription/parts/part-02-pdf-14-35.md	239	works/tirumbippaar/scenes/scene-17.md	18	பாமா : ஏமாற்றுவது எனக்குத் தொழிலல்ல.	பாமா: ஏமாற்றுவது எனக்குத் தொழிலல்ல.
197	quote-dash-glyph	25	17	17	works/tirumbippaar/transcription/parts/part-02-pdf-14-35.md	240	works/tirumbippaar/scenes/scene-17.md	20	பரந்தாமன் : சரிதான்... கல்யாண தினத்தன்று காணாமற் போய்விட்டானே காதலன். எங்கே போனான். என்ன ஆனான். என்பதைப் பற்றி யெல்லாம் கவலைப்படாமல், அடுத்த காதலனை அவசரமாகத் தேர்ந்தெடுத்த நீ....எதுவும் தெரியாத பேதை ! நான் ஏமாற்றுக்காரன் -அப்படித்தானே...	பரந்தாமன்: சரிதான்... கல்யாண தினத்தன்று காணாமற் போய்விட்டானே காதலன். எங்கே போனான். என்ன ஆனான். என்பதைப் பற்றி யெல்லாம் கவலைப்படாமல், அடுத்த காதலனை அவசரமாகத் தேர்ந்தெடுத்த நீ....எதுவும் தெரியாத பேதை! நான் ஏமாற்றுக்காரன்—அப்படித்தானே...
199	whitespace-only	25	17	17	works/tirumbippaar/transcription/parts/part-02-pdf-14-35.md	242	works/tirumbippaar/scenes/scene-17.md	24	பரந்தாமன் : சொர்க்கலோகம் போனாலும்,அங்கே சொக்க வைக்கும் திலோத்தமை, மயக்குமொழி மேனகா அத்தனை பேரையும் உதறித் தள்ளிவிட்டு உன் சுந்தர முகத்தை நினைத்தபடி ஆகாயத்திலிருந்து குதித்திருப்பேனே, ஒரு சூனியக்கார லோகத்துக்குப் போய்விட்டேன் பாமா! ஒரு சூனியக்காரன் ஏமாற்றி விட்டான் பாமா!	பரந்தாமன்: சொர்க்கலோகம் போனாலும், அங்கே சொக்க வைக்கும் திலோத்தமை, மயக்குமொழி மேனகா அத்தனை பேரையும் உதறித் தள்ளிவிட்டு உன் சுந்தர முகத்தை நினைத்தபடி ஆகாயத்திலிருந்து குதித்திருப்பேனே, ஒரு சூனியக்கார லோகத்துக்குப் போய்விட்டேன் பாமா! ஒரு சூனியக்காரன் ஏமாற்றி விட்டான் பாமா!
200	whitespace-only	25	17	17	works/tirumbippaar/transcription/parts/part-02-pdf-14-35.md	243	works/tirumbippaar/scenes/scene-17.md	26	பாமா : என்ன சொல்கிறீர்கள்!	பாமா: என்ன சொல்கிறீர்கள்!
201	whitespace-only	25	17	17	works/tirumbippaar/transcription/parts/part-02-pdf-14-35.md	244	works/tirumbippaar/scenes/scene-17.md	28	பரந்தாமன் : யாரோ ஒரு மந்திரவாதி.... சாப்பிடுவதற்கு ஒரு காயகல்பம் இருக்கிறது. சாப்பிட்டால் எண்பது வயது வரையில் இளமை மாறாது என்றான். நம்பினேன், சாப்பிட்டேன்.உனக்கும் வாங்கிவர எண்ணினேன். அவன் என்னை எங்கேயோ கொண்டு போய் விட்டான். என்னிடமிருந்த பத்தாயிர ரூபாயையும், உனக்காக நான் வாங்கிய வைர மாலையையும் திருடிக்கொண்டு எங்கேயோ போய்விட்டான்.	பரந்தாமன்: யாரோ ஒரு மந்திரவாதி.... சாப்பிடுவதற்கு ஒரு காயகல்பம் இருக்கிறது. சாப்பிட்டால் எண்பது வயது வரையில் இளமை மாறாது என்றான். நம்பினேன், சாப்பிட்டேன். உனக்கும் வாங்கிவர எண்ணினேன். அவன் என்னை எங்கேயோ கொண்டு போய் விட்டான். என்னிடமிருந்த பத்தாயிர ரூபாயையும், உனக்காக நான் வாங்கிய வைர மாலையையும் திருடிக்கொண்டு எங்கேயோ போய்விட்டான்.
202	whitespace-only	25	17	17	works/tirumbippaar/transcription/parts/part-02-pdf-14-35.md	245	works/tirumbippaar/scenes/scene-17.md	30	பாமா : போலீஸாருக்குச் சொல்லவில்லையா	பாமா: போலீஸாருக்குச் சொல்லவில்லையா
203	whitespace-only	26	18	17	works/tirumbippaar/transcription/parts/part-02-pdf-14-35.md	249	works/tirumbippaar/scenes/scene-17.md	34	பரந்தாமன்: இந்த வெட்கக்கேட்டை எப்படி வெளியில் சொல்வது ! மனமொடிந்து அலைந்து திரிந்து இங்கு வந்தேன் . வந்தால், நீ வாழ்க்கைக்கு வேறு திட்டம் போட்டுவிட்டாய் ... பாமா! நான் ஏமாற்றப்பட்டவன்தானா? அந்த மந்திரவாதியைவிட நீ பெரிய ஏமாற்றுக்காரியாகி விட்டாய், பாமா ....	பரந்தாமன்: இந்த வெட்கக்கேட்டை எப்படி வெளியில் சொல்வது! மனமொடிந்து அலைந்து திரிந்து இங்கு வந்தேன். வந்தால், நீ வாழ்க்கைக்கு வேறு திட்டம் போட்டுவிட்டாய்... பாமா! நான் ஏமாற்றப்பட்டவன்தானா? அந்த மந்திரவாதியைவிட நீ பெரிய ஏமாற்றுக்காரியாகி விட்டாய், பாமா....
204	whitespace-only	26	18	17	works/tirumbippaar/transcription/parts/part-02-pdf-14-35.md	250	works/tirumbippaar/scenes/scene-17.md	36	பாமா: (பரந்தாமனின் காலைப்பிடித்துக் கொண்டு விம்மியபடி ) மன்னித்துவிடுங்கள் என்னை. அப்பாவின் ஆத்திரத்தை என்னால் எதிர்க்க முடியவில்லை.	பாமா: (பரந்தாமனின் காலைப்பிடித்துக் கொண்டு விம்மியபடி) மன்னித்துவிடுங்கள் என்னை. அப்பாவின் ஆத்திரத்தை என்னால் எதிர்க்க முடியவில்லை.
205	whitespace-only	26	18	17	works/tirumbippaar/transcription/parts/part-02-pdf-14-35.md	251	works/tirumbippaar/scenes/scene-17.md	38	பரந்தாமன் : பொழுதுவிடிந்தால் உனக்குத் திருமணம்.வேறொருவன் மனைவி! உன்னை மன்னிக்க நான் யார்!	பரந்தாமன்: பொழுதுவிடிந்தால் உனக்குத் திருமணம். வேறொருவன் மனைவி! உன்னை மன்னிக்க நான் யார்!
206	whitespace-only	26	18	17	works/tirumbippaar/transcription/parts/part-02-pdf-14-35.md	252	works/tirumbippaar/scenes/scene-17.md	40	பாமா: என்னைக் காப்பாற்றுங்கள் . இப்போதே அப்பாவிடம் சொல்லி கல்யாணத்தை நிறுத்தி விடலாம்....	பாமா: என்னைக் காப்பாற்றுங்கள். இப்போதே அப்பாவிடம் சொல்லி கல்யாணத்தை நிறுத்தி விடலாம்....
209	quote-dash-glyph	26	18	17	works/tirumbippaar/transcription/parts/part-02-pdf-14-35.md	255	works/tirumbippaar/scenes/scene-17.md	46	பரந்தாமன்: அழாதே ! அன்புக்கரசி ! அழகுமணி மாளிகையின் அலங்காரத் திருவுருவே. அழித்தெழுதா சித்திரமே - ஆடிவரும் பொன் விளக்கே ! கட்டாணி முத்தழகி ! கண்கவரும் ரத்தினமே ! உன் கண்ணில் நீர் என்றால், என் உள்ளம் கலங்குதய்யோ! அழாதே பாமா !.... அழாதே!	பரந்தாமன்: அழாதே! அன்புக்கரசி! அழகுமணி மாளிகையின் அலங்காரத் திருவுருவே. அழித்தெழுதா சித்திரமே—ஆடிவரும் பொன் விளக்கே! கட்டாணி முத்தழகி! கண்கவரும் ரத்தினமே! உன் கண்ணில் நீர் என்றால், என் உள்ளம் கலங்குதய்யோ! அழாதே பாமா!.... அழாதே!
211	whitespace-only	26	18	17	works/tirumbippaar/transcription/parts/part-02-pdf-14-35.md	257	works/tirumbippaar/scenes/scene-17.md	50	பரந்தாமன்: வாழ வழி ! இப்போதே இருவரும் வெளியேறி விடுவதுதான்....	பரந்தாமன்: வாழ வழி! இப்போதே இருவரும் வெளியேறி விடுவதுதான்....
212	whitespace-only	26	18	17	works/tirumbippaar/transcription/parts/part-02-pdf-14-35.md	258	works/tirumbippaar/scenes/scene-17.md	52	பாமா : ஆ	பாமா: ஆ
213	quote-dash-glyph	26	18	17	works/tirumbippaar/transcription/parts/part-02-pdf-14-35.md	259	works/tirumbippaar/scenes/scene-17.md	54	பரந்தாமன் : தங்கமே கேள் ! தந்தைக்கு ஒரு கடிதம் எழுதி வை. "திருமணம் பிடிக்கவில்லை - வெளியேறி விட்டேன்" என்று சிந்தைக்கினியவளே! சிங்கார மயிலே.... உம் சீக்கிரம் ... எழுது கண்ணே ! என் எழுதாத ஓவியமே எழுது !	பரந்தாமன்: தங்கமே கேள்! தந்தைக்கு ஒரு கடிதம் எழுதி வை. “திருமணம் பிடிக்கவில்லை—வெளியேறி விட்டேன்” என்று சிந்தைக்கினியவளே! சிங்கார மயிலே.... உம் சீக்கிரம்... எழுது கண்ணே! என் எழுதாத ஓவியமே எழுது!
215	whitespace-only	27	19	18	works/tirumbippaar/transcription/parts/part-02-pdf-14-35.md	269	works/tirumbippaar/scenes/scene-18.md	8	புண்யகோடி : சீக்கிரம் புறப்படுடா தம்பி ! எல்லாம் தயாரா இருக்கு.	புண்யகோடி: சீக்கிரம் புறப்படுடா தம்பி! எல்லாம் தயாரா இருக்கு.
216	whitespace-only	27	19	18	works/tirumbippaar/transcription/parts/part-02-pdf-14-35.md	270	works/tirumbippaar/scenes/scene-18.md	10	பாண்டியன் : ஊர்வலம் வேணுமாப்பா? எனக்கென்னமோ பிடிக்கலை	பாண்டியன்: ஊர்வலம் வேணுமாப்பா? எனக்கென்னமோ பிடிக்கலை
217	other-punctuation	27	19	18	works/tirumbippaar/transcription/parts/part-02-pdf-14-35.md	271	works/tirumbippaar/scenes/scene-18.md	12	புண்யகோடி : அது கெட்டுது போ / ஊர்வலமே வேண்டாமா ! நம்ப என்ன அவாளை இவாளை கூப்பிட்டு கச்சேரியா வைக்கப் போறோம். கொஞ்சம் சிறப்பா, வெறும் மாப்பிள்ளை ஊர்வலம் கூடவா கூடாது- பெண் உன் பக்கத்திலே இருக்கப் போறதில்லை நீ ஏன் வெட்கப் படுறே.	புண்யகோடி: அது கெட்டுது போ! ஊர்வலமே வேண்டாமா! நம்ப என்ன அவாளை இவாளை கூப்பிட்டு கச்சேரியா வைக்கப் போறோம். கொஞ்சம் சிறப்பா, வெறும் மாப்பிள்ளை ஊர்வலம் கூடவா கூடாது—பெண் உன் பக்கத்திலே இருக்கப் போறதில்லை நீ ஏன் வெட்கப் படுறே.
218	whitespace-only	27	19	18	works/tirumbippaar/transcription/parts/part-02-pdf-14-35.md	272	works/tirumbippaar/scenes/scene-18.md	14	(பாண்டு வாத்யம் திடீரென நிற்கிறது. ஒருவன் புண்யகோடியின் காதில் பெண் ஓடிவிட்டாள் என்ற செய்தியைக் கூறுதல். பாண்டியன் திகைப்பு )	(பாண்டு வாத்யம் திடீரென நிற்கிறது. ஒருவன் புண்யகோடியின் காதில் பெண் ஓடிவிட்டாள் என்ற செய்தியைக் கூறுதல். பாண்டியன் திகைப்பு)
219	quote-dash-glyph	27	19	19	works/tirumbippaar/transcription/parts/part-02-pdf-14-35.md	278	works/tirumbippaar/scenes/scene-19.md	6	[பூமாலை ஊருக்குப் புறப்பட ஏற்பாடு செய்கிறாள் - அவளிடம் பாடம் கற்கும் ஒரு பெண் வந்து]	[பூமாலை ஊருக்குப் புறப்பட ஏற்பாடு செய்கிறாள்—அவளிடம் பாடம் கற்கும் ஒரு பெண் வந்து]
220	whitespace-only	27	19	19	works/tirumbippaar/transcription/parts/part-02-pdf-14-35.md	279	works/tirumbippaar/scenes/scene-19.md	8	பெண் : பட்டணத்துக்கு ஏம்மா போறீங்க...	பெண்: பட்டணத்துக்கு ஏம்மா போறீங்க...
221	whitespace-only	27	19	19	works/tirumbippaar/transcription/parts/part-02-pdf-14-35.md	280	works/tirumbippaar/scenes/scene-19.md	10	பூமாலை : குமுதாவுக்கு பரிக்ஷை முடிவு ரெண்டுநாளில் தெரிந்துவிடும். அவளை அழைத்து வருவதற்காகப் போகிறேன்	பூமாலை: குமுதாவுக்கு பரிக்ஷை முடிவு ரெண்டுநாளில் தெரிந்துவிடும். அவளை அழைத்து வருவதற்காகப் போகிறேன்
225	whitespace-only	27	19	19	works/tirumbippaar/transcription/parts/part-02-pdf-14-35.md	284	works/tirumbippaar/scenes/scene-19.md	18	பூமாலை: அப்படியா! (யோசனை) ம்... பரந்தாமன் எங்கே ?	பூமாலை: அப்படியா! (யோசனை) ம்... பரந்தாமன் எங்கே?
226	whitespace-only	28	20	19	works/tirumbippaar/transcription/parts/part-02-pdf-14-35.md	288	works/tirumbippaar/scenes/scene-19.md	22	குண்டுமணி : அவரு... அவரு...ம் ...அவருகூட மெட்ராஸ் போகணும்னு கருடன் கிட்ட சொல்லிக்கிட்டு இருந்தாரு.	குண்டுமணி: அவரு... அவரு...ம்... அவருகூட மெட்ராஸ் போகணும்னு கருடன் கிட்ட சொல்லிக்கிட்டு இருந்தாரு.
227	whitespace-only	28	20	19	works/tirumbippaar/transcription/parts/part-02-pdf-14-35.md	289	works/tirumbippaar/scenes/scene-19.md	24	பூமாலை : (சிந்தனை) ம்... சரி புறப்படு. ரயிலுக்கு நேரமாச்சு.	பூமாலை: (சிந்தனை) ம்... சரி புறப்படு. ரயிலுக்கு நேரமாச்சு.
229	whitespace-only	28	20	20	works/tirumbippaar/transcription/parts/part-02-pdf-14-35.md	296	works/tirumbippaar/scenes/scene-20.md	8	குண்டுமணி : அம்மா ! அப்ப நான் அடுத்த வண்டீல ஏறிக்கிறேன்.	குண்டுமணி: அம்மா! அப்ப நான் அடுத்த வண்டீல ஏறிக்கிறேன்.
232	whitespace-only	28	20	20	works/tirumbippaar/transcription/parts/part-02-pdf-14-35.md	299	works/tirumbippaar/scenes/scene-20.md	14	பாண்டியன் : இல்லை வேண்டாம்.	பாண்டியன்: இல்லை வேண்டாம்.
234	whitespace-only	28	20	20	works/tirumbippaar/transcription/parts/part-02-pdf-14-35.md	301	works/tirumbippaar/scenes/scene-20.md	18	பாண்டியன் : ரொம்ப நன்றி ! நீங்கள் சாப்பிடுங்கள் !....	பாண்டியன்: ரொம்ப நன்றி! நீங்கள் சாப்பிடுங்கள்!....
235	whitespace-only	28	20	20	works/tirumbippaar/transcription/parts/part-02-pdf-14-35.md	302	works/tirumbippaar/scenes/scene-20.md	20	பூமாலை : நீங்கள் எந்த ஊருக்குப் போகிறீர்கள்.	பூமாலை: நீங்கள் எந்த ஊருக்குப் போகிறீர்கள்.
238	whitespace-only	28	20	20	works/tirumbippaar/transcription/parts/part-02-pdf-14-35.md	305	works/tirumbippaar/scenes/scene-20.md	26	பாண்டியன் : என்னைத் தெரியுமா உங்களுக்கு !..	பாண்டியன்: என்னைத் தெரியுமா உங்களுக்கு!..
239	whitespace-only	28	20	20	works/tirumbippaar/transcription/parts/part-02-pdf-14-35.md	306	works/tirumbippaar/scenes/scene-20.md	28	பூமாலை : தெரியும் ...இதோ . (புத்தகத்தைக் காட்டுதல்)	பூமாலை: தெரியும்... இதோ. (புத்தகத்தைக் காட்டுதல்)
240	bracket-parenthesis	28	20	20	works/tirumbippaar/transcription/parts/part-02-pdf-14-35.md	307	works/tirumbippaar/scenes/scene-20.md	30	பாண்டியன் (தலையைத் தாழ்த்தியபடி) வெட்கக் கேடு அய்யோ...	பாண்டியன்: (தலையைத் தாழ்த்தியபடி) வெட்கக் கேடு அய்யோ...
241	whitespace-only	28	20	20	works/tirumbippaar/transcription/parts/part-02-pdf-14-35.md	308	works/tirumbippaar/scenes/scene-20.md	32	பூமாலை : வருத்தப்படாதீர்கள்.	பூமாலை: வருத்தப்படாதீர்கள்.
244	whitespace-only	29	21	20	works/tirumbippaar/transcription/parts/part-02-pdf-14-35.md	314	works/tirumbippaar/scenes/scene-20.md	40	பாண்டியன் : போதும் உலகத்தின் முகத்திலேயே நான் விழிக்கக் கூடாது!	பாண்டியன்: போதும் உலகத்தின் முகத்திலேயே நான் விழிக்கக் கூடாது!
245	whitespace-only	29	21	20	works/tirumbippaar/transcription/parts/part-02-pdf-14-35.md	315	works/tirumbippaar/scenes/scene-20.md	42	பூமாலை : நீங்கள் ஒரு தவறும் செய்யவில்லையே.	பூமாலை: நீங்கள் ஒரு தவறும் செய்யவில்லையே.
246	whitespace-only	29	21	20	works/tirumbippaar/transcription/parts/part-02-pdf-14-35.md	316	works/tirumbippaar/scenes/scene-20.md	44	பாண்டியன் : நானா தவறு செய்யவில்லை. மானம் மரியாதைக்குக் கட்டுப்பட்டு வாழ்ந்த நான்,இன்று அவமானச் சின்னமாக மாறிவிட்டேன், என் அறிவீனத்தால்,கண்டவர் காரி உமிழ, காணாதவர் கேலி பேச, கண்ணிருந்தும் குருடனாய், காதிருந்தும் செவிடனாய் கள்ளி யொருத்தியைப் பற்றி தீர விசாரிக்காமல் கல்யாண மாப்பிள்ளையாக வேஷங் கட்டிக்கொண்டு ஓடி வந்தேனே முட்டாள். நானா தவறு செய்யவில்லை.	பாண்டியன்: நானா தவறு செய்யவில்லை. மானம் மரியாதைக்குக் கட்டுப்பட்டு வாழ்ந்த நான், இன்று அவமானச் சின்னமாக மாறிவிட்டேன், என் அறிவீனத்தால், கண்டவர் காரி உமிழ, காணாதவர் கேலி பேச, கண்ணிருந்தும் குருடனாய், காதிருந்தும் செவிடனாய் கள்ளி யொருத்தியைப் பற்றி தீர விசாரிக்காமல் கல்யாண மாப்பிள்ளையாக வேஷங் கட்டிக்கொண்டு ஓடி வந்தேனே முட்டாள். நானா தவறு செய்யவில்லை.
247	whitespace-only	29	21	20	works/tirumbippaar/transcription/parts/part-02-pdf-14-35.md	317	works/tirumbippaar/scenes/scene-20.md	46	பூமாலை : சும்மாயிருங்கள். சென்னைக்கு வந்து எங்கள் வீட்டில் கொஞ்சம் ஓய்வு எடுத்துக் கொள்ளலாம்.	பூமாலை: சும்மாயிருங்கள். சென்னைக்கு வந்து எங்கள் வீட்டில் கொஞ்சம் ஓய்வு எடுத்துக் கொள்ளலாம்.
250	other-punctuation	29	21	21	works/tirumbippaar/transcription/parts/part-02-pdf-14-35.md	325	works/tirumbippaar/scenes/scene-21.md	6	சமையல்காரன்: அம்மா / சின்னம்மா வர்றாங்க!	சமையல்காரன்: அம்மா! சின்னம்மா வர்றாங்க!
253	whitespace-only	29	21	21	works/tirumbippaar/transcription/parts/part-02-pdf-14-35.md	328	works/tirumbippaar/scenes/scene-21.md	12	பூமாலை: குமுதா!(தழுவிக் கொள்ளல்)	பூமாலை: குமுதா! (தழுவிக் கொள்ளல்)
255	whitespace-only	29	21	21	works/tirumbippaar/transcription/parts/part-02-pdf-14-35.md	330	works/tirumbippaar/scenes/scene-21.md	16	பூமாலை: சொன்னால் தெரியுமா உனக்கு ?	பூமாலை: சொன்னால் தெரியுமா உனக்கு?
256	quote-dash-glyph	29	21	21	works/tirumbippaar/transcription/parts/part-02-pdf-14-35.md	331	works/tirumbippaar/scenes/scene-21.md	18	குமுதா: சொல்லாமலே தெரியும். " வாழு, வாழ விடு" மன்னிக்கவும். தங்கள் பெயர் பாண்டியன்தானே!	குமுதா: சொல்லாமலே தெரியும். “வாழு, வாழ விடு” மன்னிக்கவும். தங்கள் பெயர் பாண்டியன்தானே!
257	whitespace-only	29	21	21	works/tirumbippaar/transcription/parts/part-02-pdf-14-35.md	332	works/tirumbippaar/scenes/scene-21.md	20	பாண்டியன் : ஆமாம்.	பாண்டியன்: ஆமாம்.
259	whitespace-only	30	22	21	works/tirumbippaar/transcription/parts/part-02-pdf-14-35.md	337	works/tirumbippaar/scenes/scene-21.md	26	குண்டுமணி: ஆக்கும்... சௌந்தர பாண்டியன். ஆளைப்பாரு !...	குண்டுமணி: ஆக்கும்... சௌந்தர பாண்டியன். ஆளைப்பாரு!...
261	whitespace-only	30	22	22	works/tirumbippaar/transcription/parts/part-02-pdf-14-35.md	343	works/tirumbippaar/scenes/scene-22.md	6	பாமா : எத்தனை நாளைக்கு ஹோட்டலில் தங்கியிருப்பது. சீக்கிரம் ஒரு வீடு பாருங்கள்.	பாமா: எத்தனை நாளைக்கு ஹோட்டலில் தங்கியிருப்பது. சீக்கிரம் ஒரு வீடு பாருங்கள்.
262	whitespace-only	30	22	22	works/tirumbippaar/transcription/parts/part-02-pdf-14-35.md	344	works/tirumbippaar/scenes/scene-22.md	8	பரந்தாமன் : வீடு பார்ப்பது இருக்கட்டும் ..வா இன்றைக்காவது ஊரைச் சுற்றிப் பார்த்துவிட்டு வரலாம்.	பரந்தாமன்: வீடு பார்ப்பது இருக்கட்டும்.. வா இன்றைக்காவது ஊரைச் சுற்றிப் பார்த்துவிட்டு வரலாம்.
264	whitespace-only	30	22	22	works/tirumbippaar/transcription/parts/part-02-pdf-14-35.md	346	works/tirumbippaar/scenes/scene-22.md	12	பரந்தாமன் : ஆரம்பிப்போமே. ஏன் அவசரப்படுகிறாய். குடும்பத்துக்கும் சென்னையைச் சுற்றிப் பார்ப்பதற்கும் என்ன சம்பந்தம்?	பரந்தாமன்: ஆரம்பிப்போமே. ஏன் அவசரப்படுகிறாய். குடும்பத்துக்கும் சென்னையைச் சுற்றிப் பார்ப்பதற்கும் என்ன சம்பந்தம்?
266	whitespace-only	30	22	22	works/tirumbippaar/transcription/parts/part-02-pdf-14-35.md	348	works/tirumbippaar/scenes/scene-22.md	16	பரந்தாமன் : சென்னையில் என்ன இருக்கிறதா? கண்காட்சி சாலையைப்பற்றி கதை கதையாகச் சொல்கிறார்கள். கதிரவனைப் பழிக்குமாம் கலங்கரை விளக்கம். மிருகக் காட்சி சாலையும்,மெரினா கடற்கரையும் பார்க்காத கண்கள் பாபக் கண்களாம். ம்...புறப்படு ! அன்புக்கரசி, அழகு மணி மாளிகையின் அலங்காரத் திருவுருவே. அழித்தெழுதா சித்திரமே. புறப்படு.	பரந்தாமன்: சென்னையில் என்ன இருக்கிறதா? கண்காட்சி சாலையைப்பற்றி கதை கதையாகச் சொல்கிறார்கள். கதிரவனைப் பழிக்குமாம் கலங்கரை விளக்கம். மிருகக் காட்சி சாலையும், மெரினா கடற்கரையும் பார்க்காத கண்கள் பாபக் கண்களாம். ம்...புறப்படு! அன்புக்கரசி, அழகு மணி மாளிகையின் அலங்காரத் திருவுருவே. அழித்தெழுதா சித்திரமே. புறப்படு.
270	whitespace-only	30	22	23	works/tirumbippaar/transcription/parts/part-02-pdf-14-35.md	354	works/tirumbippaar/scenes/scene-23.md	10	பாமா: புல்லாக மாறிவிடுவேன்....புலி பசித்தாலும் புல்லைத் தின்னாது !	பாமா: புல்லாக மாறிவிடுவேன்....புலி பசித்தாலும் புல்லைத் தின்னாது!
271	whitespace-only	31	23	24	works/tirumbippaar/transcription/parts/part-02-pdf-14-35.md	359	works/tirumbippaar/scenes/scene-24.md	6	பாமா: நீலக்கடல் நேர்த்தியான காட்சி !	பாமா: நீலக்கடல் நேர்த்தியான காட்சி!
272	whitespace-only	31	23	24	works/tirumbippaar/transcription/parts/part-02-pdf-14-35.md	360	works/tirumbippaar/scenes/scene-24.md	8	பரந்தாமன் : இந்தக் கடல் திடீரென்று பொங்கிவிட்டால்..	பரந்தாமன்: இந்தக் கடல் திடீரென்று பொங்கிவிட்டால்..
275	whitespace-only	31	23	25	works/tirumbippaar/transcription/parts/part-02-pdf-14-35.md	367	works/tirumbippaar/scenes/scene-25.md	6	[தமயந்தி தூங்கும்போது நடுராத்திரியில் அவளை ஏமாற்றி விட்டு, வஞ்சித்து விட்டு சேலையில் பாதியை கிழித்துக்கொண்டு நளன் புறப்பட்டு ஓடிப் போனான் ! போனான், போனான், புண்ணியவதியைத் தவிக்கவிட்டுப் போனான். போயே போய்விட்டான்.]	[தமயந்தி தூங்கும்போது நடுராத்திரியில் அவளை ஏமாற்றி விட்டு, வஞ்சித்து விட்டு சேலையில் பாதியை கிழித்துக்கொண்டு நளன் புறப்பட்டு ஓடிப் போனான்! போனான், போனான், புண்ணியவதியைத் தவிக்கவிட்டுப் போனான். போயே போய்விட்டான்.]
279	whitespace-only	31	23	26	works/tirumbippaar/transcription/parts/part-02-pdf-14-35.md	375	works/tirumbippaar/scenes/scene-26.md	8	[பாமா பைத்தியக்காரி போலானாள். பரிதாபத்திற்குரியவளானாள். ஓடினாள், எங்கேயோ ஓடினாள், ஒரு முடிவு தேடி ஓடினாள். வழவழப்பான தார் ரோடு,வஞ்சிக்கப்பட்ட அவளுக்குப் பாதை காட்ட முடியவில்லை. மாலுமிகளுக்கு வழி காட்டும் தீபஸ்தம்பம் திக்கற்ற அவளுக்கு திசை காட்ட முடியவில்லை. கொந்தளிக்கும் கடல் குமுறி எழும் அவள் உள்ளத்தோடு போட்டிபோட முடியவில்லை. உறுமு-	[பாமா பைத்தியக்காரி போலானாள். பரிதாபத்திற்குரியவளானாள். ஓடினாள், எங்கேயோ ஓடினாள், ஒரு முடிவு தேடி ஓடினாள். வழவழப்பான தார் ரோடு, வஞ்சிக்கப்பட்ட அவளுக்குப் பாதை காட்ட முடியவில்லை. மாலுமிகளுக்கு வழி காட்டும் தீபஸ்தம்பம் திக்கற்ற அவளுக்கு திசை காட்ட முடியவில்லை. கொந்தளிக்கும் கடல் குமுறி எழும் அவள் உள்ளத்தோடு போட்டிபோட முடியவில்லை. உறுமு-
280	whitespace-only	32	24	26	works/tirumbippaar/transcription/parts/part-02-pdf-14-35.md	379	works/tirumbippaar/scenes/scene-26.md	12	வது புலியல்ல. உலகம் உலகம்! அவள் வெறுத்துவிட்டு வந்த உற்றார் உறவினர் தாய் தந்தையர் வாழும் உலகம் ! அந்த உலகத்தின் முகத்திலே இனி அவள் விழிக்க முடியாது ! விழிக்க முடியாது ! விழிக்கவே முடியாது!]	வது புலியல்ல. உலகம் உலகம்! அவள் வெறுத்துவிட்டு வந்த உற்றார் உறவினர் தாய் தந்தையர் வாழும் உலகம்! அந்த உலகத்தின் முகத்திலே இனி அவள் விழிக்க முடியாது! விழிக்க முடியாது! விழிக்கவே முடியாது!]
282	whitespace-only	32	24	27	works/tirumbippaar/transcription/parts/part-02-pdf-14-35.md	385	works/tirumbippaar/scenes/scene-27.md	6	குமுதா: குண்டுமணி ! இன்னுமா டீ தயாராகவில்லை?	குமுதா: குண்டுமணி! இன்னுமா டீ தயாராகவில்லை?
283	quote-dash-glyph	32	24	27	works/tirumbippaar/transcription/parts/part-02-pdf-14-35.md	386	works/tirumbippaar/scenes/scene-27.md	8	(கீழே இறங்கி வருகிறாள் - பூமாலை அங்கு வருகிறாள்)	(கீழே இறங்கி வருகிறாள்—பூமாலை அங்கு வருகிறாள்)
284	whitespace-only	32	24	27	works/tirumbippaar/transcription/parts/part-02-pdf-14-35.md	387	works/tirumbippaar/scenes/scene-27.md	10	குமுதா: சின்னம்மா ! நீ அவருக்கு டீ அனுப்பச்சொல்லு. நான் போயி கேமராவுக்கு பிலிம் வாங்கிட்டு வர்றேன் ...	குமுதா: சின்னம்மா! நீ அவருக்கு டீ அனுப்பச்சொல்லு. நான் போயி கேமராவுக்கு பிலிம் வாங்கிட்டு வர்றேன்...
286	whitespace-only	32	24	27	works/tirumbippaar/transcription/parts/part-02-pdf-14-35.md	389	works/tirumbippaar/scenes/scene-27.md	14	பூமாலை: குண்டுமணி இரு  ... நான் கொண்டுபோறேன் டீயை. நீ போய் வேலையைப் பாரு	பூமாலை: குண்டுமணி இரு... நான் கொண்டுபோறேன் டீயை. நீ போய் வேலையைப் பாரு
287	whitespace-only	32	24	27	works/tirumbippaar/transcription/parts/part-02-pdf-14-35.md	390	works/tirumbippaar/scenes/scene-27.md	16	குண்டுமணி : சரிம்மா ...	குண்டுமணி: சரிம்மா...
289	bracket-parenthesis	32	24	27	works/tirumbippaar/transcription/parts/part-02-pdf-14-35.md	392	works/tirumbippaar/scenes/scene-27.md	20	குண்டுமணி: (தனக்குள்) பாண்டியனுக்கு உபசாரம் பண்றதுன்னா அம்மா முன்னாடி நிக்கிறாங்களே என்னா விஷயம். ஆங் சேசே ! அம்மா நல்லவங்க... ம் .. யாரு கண்டா. அப்பேர்பட்ட (சந்தேகம்) எப்பேர்பட்ட.. சரிசரி வேலைக்காரனுக்கு என்னா இதெல்லாம்...	குண்டுமணி: (தனக்குள்) பாண்டியனுக்கு உபசாரம் பண்றதுன்னா அம்மா முன்னாடி நிக்கிறாங்களே என்னா விஷயம். ஆங் சேசே! அம்மா நல்லவங்க... ம்... யாரு கண்டா. அப்பேர்பட்ட (சந்தேகம்) எப்பேர்பட்ட.. சரிசரி வேலைக்காரனுக்கு என்னா இதெல்லாம்...
291	quote-dash-glyph	32	24	28	works/tirumbippaar/transcription/parts/part-02-pdf-14-35.md	398	works/tirumbippaar/scenes/scene-28.md	8	குமுதா: நில்லுங்க சரியா-ஆங்- கொஞ்சம் சிரிங்க... கொஞ்சம் கொஞ்சம் ...ஸ்டடி பிளீஸ், ரைட் ... தேங்க்ஸ்...	குமுதா: நில்லுங்க சரியா—ஆங்—கொஞ்சம் சிரிங்க... கொஞ்சம் கொஞ்சம்... ஸ்டடி பிளீஸ், ரைட்... தேங்க்ஸ்...
295	whitespace-only	33	25	28	works/tirumbippaar/transcription/parts/part-02-pdf-14-35.md	405	works/tirumbippaar/scenes/scene-28.md	18	பாண்டியன் : படம் பிடிக்கிறேங்கிறேன்.	பாண்டியன்: படம் பிடிக்கிறேங்கிறேன்.
296	bracket-parenthesis	33	25	28	works/tirumbippaar/transcription/parts/part-02-pdf-14-35.md	406	works/tirumbippaar/scenes/scene-28.md	20	குமுதா: அதானே/ (வெட்கமுடன்)	குமுதா: அதானே! (வெட்கமுடன்)
297	whitespace-only	33	25	28	works/tirumbippaar/transcription/parts/part-02-pdf-14-35.md	407	works/tirumbippaar/scenes/scene-28.md	22	பாண்டியன் : (கேமராவை வாங்கி) ம்... ஸ்டடி பிளீஸ்....	பாண்டியன்: (கேமராவை வாங்கி) ம்... ஸ்டடி பிளீஸ்....
299	whitespace-only	33	25	28	works/tirumbippaar/transcription/parts/part-02-pdf-14-35.md	409	works/tirumbippaar/scenes/scene-28.md	26	பாண்டியன் : இது என்னா இது !	பாண்டியன்: இது என்னா இது!
301	whitespace-only	33	25	28	works/tirumbippaar/transcription/parts/part-02-pdf-14-35.md	411	works/tirumbippaar/scenes/scene-28.md	30	பூமாலை : ஏங்கண்ணு!	பூமாலை: ஏங்கண்ணு!
305	whitespace-only	33	25	28	works/tirumbippaar/transcription/parts/part-02-pdf-14-35.md	415	works/tirumbippaar/scenes/scene-28.md	38	குமுதா: போ சின்னம்மா! (சிணுங்கியபடி கேமராவை வாங்கிக்கொண்டு) சரி சின்னம்மா ! நீங்க ரெண்டுபேரும் நில்லுங்க நான் எடுக்கிறேன். (களங்கமில்லாமல்)	குமுதா: போ சின்னம்மா! (சிணுங்கியபடி கேமராவை வாங்கிக்கொண்டு) சரி சின்னம்மா! நீங்க ரெண்டுபேரும் நில்லுங்க நான் எடுக்கிறேன். (களங்கமில்லாமல்)
306	whitespace-only	33	25	28	works/tirumbippaar/transcription/parts/part-02-pdf-14-35.md	416	works/tirumbippaar/scenes/scene-28.md	40	பூமாலை : நானா.	பூமாலை: நானா.
307	whitespace-only	33	25	28	works/tirumbippaar/transcription/parts/part-02-pdf-14-35.md	417	works/tirumbippaar/scenes/scene-28.md	42	குமுதா : போய் நில்லு சின்னம்மா!	குமுதா: போய் நில்லு சின்னம்மா!
310	quote-dash-glyph	33	25	28	works/tirumbippaar/transcription/parts/part-02-pdf-14-35.md	420	works/tirumbippaar/scenes/scene-28.md	48	(குண்டுமணியின் சந்தோஷ கூச்சல்- குமுதா நடுங்கியபடி கேமராவைக் கீழே போட்டுவிடுகிறாள்)	(குண்டுமணியின் சந்தோஷ கூச்சல்—குமுதா நடுங்கியபடி கேமராவைக் கீழே போட்டுவிடுகிறாள்)
311	whitespace-only	33	25	28	works/tirumbippaar/transcription/parts/part-02-pdf-14-35.md	421	works/tirumbippaar/scenes/scene-28.md	50	பூமாலை : ஏ...என்ன... என்ன?	பூமாலை: ஏ...என்ன... என்ன?
312	whitespace-only	33	25	28	works/tirumbippaar/transcription/parts/part-02-pdf-14-35.md	422	works/tirumbippaar/scenes/scene-28.md	52	குண்டுமணி : (பேப்பரைக் காட்டி) குமுதாம்மா பாஸ் ! பாஸ் ! பாஸ்!	குண்டுமணி: (பேப்பரைக் காட்டி) குமுதாம்மா பாஸ்! பாஸ்! பாஸ்!
314	whitespace-only	34	26	28	works/tirumbippaar/transcription/parts/part-02-pdf-14-35.md	427	works/tirumbippaar/scenes/scene-28.md	58	பூமாலை : பாஸ் ! குமுதா நீ கெட்டிக்காரி!	பூமாலை: பாஸ்! குமுதா நீ கெட்டிக்காரி!
316	whitespace-only	34	26	28	works/tirumbippaar/transcription/parts/part-02-pdf-14-35.md	429	works/tirumbippaar/scenes/scene-28.md	62	பாண்டியன் : குமுதா கங்ராஜுலேஷன்ஸ்...	பாண்டியன்: குமுதா கங்ராஜுலேஷன்ஸ்...
318	whitespace-only	34	26	28	works/tirumbippaar/transcription/parts/part-02-pdf-14-35.md	431	works/tirumbippaar/scenes/scene-28.md	66	குண்டுமணி : (பத்திரிகையைக் காட்டி) இந்த பாருங்க நம்பரு. பதினாறு இருபத்தினாலு..	குண்டுமணி: (பத்திரிகையைக் காட்டி) இந்த பாருங்க நம்பரு. பதினாறு இருபத்தினாலு..
321	whitespace-only	34	26	28	works/tirumbippaar/transcription/parts/part-02-pdf-14-35.md	434	works/tirumbippaar/scenes/scene-28.md	72	குண்டுமணி : பொருத்தமான நம்பருதான்.	குண்டுமணி: பொருத்தமான நம்பருதான்.
322	whitespace-only	34	26	28	works/tirumbippaar/transcription/parts/part-02-pdf-14-35.md	435	works/tirumbippaar/scenes/scene-28.md	74	பூமாலை : (அதட்டல்) ஏய்....சும்மா இரு ...	பூமாலை: (அதட்டல்) ஏய்....சும்மா இரு ...
323	whitespace-only	34	26	28	works/tirumbippaar/transcription/parts/part-02-pdf-14-35.md	436	works/tirumbippaar/scenes/scene-28.md	76	குண்டுமணி : இல்லிங்க.குமுதாம்மா எண்ணும் பதினாறு வயசா மார்க்கண்டி மாதிரி இருக்கணுங்கிறேன்.	குண்டுமணி: இல்லிங்க. குமுதாம்மா எண்ணும் பதினாறு வயசா மார்க்கண்டி மாதிரி இருக்கணுங்கிறேன்.
325	whitespace-only	34	26	28	works/tirumbippaar/transcription/parts/part-02-pdf-14-35.md	438	works/tirumbippaar/scenes/scene-28.md	80	பூமாலை : அப்ப ஊருக்குப் புறப்படலாமா!	பூமாலை: அப்ப ஊருக்குப் புறப்படலாமா!
326	whitespace-only	34	26	28	works/tirumbippaar/transcription/parts/part-02-pdf-14-35.md	439	works/tirumbippaar/scenes/scene-28.md	82	குமுதா : அவர்...	குமுதா: அவர்...
327	whitespace-only	34	26	28	works/tirumbippaar/transcription/parts/part-02-pdf-14-35.md	440	works/tirumbippaar/scenes/scene-28.md	84	குண்டுமணி : அவரைப்பத்தி நீங்க கவலைப்படவேண்டீதில்லைம்மா. இனிமே நம்ப விரட்டினாகூட அவர் நம்பளைவிட்டுப் போமாட்டாரு !	குண்டுமணி: அவரைப்பத்தி நீங்க கவலைப்படவேண்டீதில்லைம்மா. இனிமே நம்ப விரட்டினாகூட அவர் நம்பளைவிட்டுப் போமாட்டாரு!
329	whitespace-only	34	26	29	works/tirumbippaar/transcription/parts/part-02-pdf-14-35.md	446	works/tirumbippaar/scenes/scene-29.md	8	கருடன் : வாப்பா ! இரண்டு மூணு வாரமா ஏக ஜாலியா இருந்திருக்கும் life ..	கருடன்: வாப்பா! இரண்டு மூணு வாரமா ஏக ஜாலியா இருந்திருக்கும் life ..
330	whitespace-only	34	26	29	works/tirumbippaar/transcription/parts/part-02-pdf-14-35.md	447	works/tirumbippaar/scenes/scene-29.md	10	பரந்தாமன் : பாவம்... சென்னையிலே குடும்பம் அமைத்து என்னை சம்சார சிறையிலே போடலாமென்று துடித்தாள் பாமா... எங்கே போனாளோ என்ன ஆனாளோ!....	பரந்தாமன்: பாவம்... சென்னையிலே குடும்பம் அமைத்து என்னை சம்சார சிறையிலே போடலாமென்று துடித்தாள் பாமா... எங்கே போனாளோ என்ன ஆனாளோ!....
331	whitespace-only	35	27	29	works/tirumbippaar/transcription/parts/part-02-pdf-14-35.md	451	works/tirumbippaar/scenes/scene-29.md	14	கருடன் : ம்... சம்சாரமாவது ஒண்ணாவது மனுஷன் free-யா இருக்கணும், என்னாட்டம். நமக்கு உதாரணமாகத்தானே கடவுள் படைத்திருக்கிறான், மலருக்கு மலர் தாவுகிற ......	கருடன்: ம்... சம்சாரமாவது ஒண்ணாவது மனுஷன் free-யா இருக்கணும், என்னாட்டம். நமக்கு உதாரணமாகத்தானே கடவுள் படைத்திருக்கிறான், மலருக்கு மலர் தாவுகிற......
333	whitespace-only	35	27	29	works/tirumbippaar/transcription/parts/part-02-pdf-14-35.md	453	works/tirumbippaar/scenes/scene-29.md	18	கருடன் : டே...	கருடன்: டே...
335	whitespace-only	35	27	29	works/tirumbippaar/transcription/parts/part-02-pdf-14-35.md	455	works/tirumbippaar/scenes/scene-29.md	22	கருடன் : கம்பர் மகன் அம்பிகாபதி! சும்மாயிருடா முந்திரிக்கொட்டை!	கருடன்: கம்பர் மகன் அம்பிகாபதி! சும்மாயிருடா முந்திரிக்கொட்டை!
339	whitespace-only	35	27	29	works/tirumbippaar/transcription/parts/part-02-pdf-14-35.md	459	works/tirumbippaar/scenes/scene-29.md	34	பரந்தாமன் : என்னடா?	பரந்தாமன்: என்னடா?
341	whitespace-only	35	27	29	works/tirumbippaar/transcription/parts/part-02-pdf-14-35.md	461	works/tirumbippaar/scenes/scene-29.md	38	கருடன்: நமக்காமில்ல நமக்கு ! இவரும் சேந்துக்கிறாரு விஷயத்தை சொல்லு கழுதை!	கருடன்: நமக்காமில்ல நமக்கு! இவரும் சேந்துக்கிறாரு விஷயத்தை சொல்லு கழுதை!
342	whitespace-only	35	27	29	works/tirumbippaar/transcription/parts/part-02-pdf-14-35.md	462	works/tirumbippaar/scenes/scene-29.md	40	பையன் : மில் தொழிலாளிங்க சம்பள உயர்வுக்காக கிளர்ச்சி பண்றாங்க!...	பையன்: மில் தொழிலாளிங்க சம்பள உயர்வுக்காக கிளர்ச்சி பண்றாங்க!...
343	whitespace-only	35	27	29	works/tirumbippaar/transcription/parts/part-02-pdf-14-35.md	463	works/tirumbippaar/scenes/scene-29.md	42	பரந்தாமன் : அப்படியா? அப்ப நமக்கு சம்பந்தமில்லை.	பரந்தாமன்: அப்படியா? அப்ப நமக்கு சம்பந்தமில்லை.
345	quote-dash-glyph	35	27	29	works/tirumbippaar/transcription/parts/part-02-pdf-14-35.md	465	works/tirumbippaar/scenes/scene-29.md	46	பரந்தாமன் : ஆமாம்.... இன்றைக்கே எழுத ஆரம்பிக்கிறேன். பெயர் என்ன வைக்கலாம் -புஸ்தகத்துக்கு... ஆங்...சரி.... பாட்டாளியின் குரல்.	பரந்தாமன்: ஆமாம்.... இன்றைக்கே எழுத ஆரம்பிக்கிறேன். பெயர் என்ன வைக்கலாம்—புஸ்தகத்துக்கு... ஆங்...சரி.... பாட்டாளியின் குரல்.
346	whitespace-only	36	28		works/tirumbippaar/transcription/parts/part-03-pdf-36-63.md	12	works/tirumbippaar/scenes/scene-29.md	50	கருடன் : சபாஷ்! பாட்டாளியின் குரல். என்ன மூளை! என்ன மூளை!	கருடன்: சபாஷ்! பாட்டாளியின் குரல். என்ன மூளை! என்ன மூளை!
347	whitespace-only	36	28		works/tirumbippaar/transcription/parts/part-03-pdf-36-63.md	13	works/tirumbippaar/scenes/scene-29.md	52	பையன் : முதல்ல என் குரலை கொஞ்சம் கவனிங்க!	பையன்: முதல்ல என் குரலை கொஞ்சம் கவனிங்க!
348	whitespace-only	36	28		works/tirumbippaar/transcription/parts/part-03-pdf-36-63.md	14	works/tirumbippaar/scenes/scene-29.md	54	பரந்தாமன் : என்னடா?	பரந்தாமன்: என்னடா?
350	whitespace-only	36	28		works/tirumbippaar/transcription/parts/part-03-pdf-36-63.md	16	works/tirumbippaar/scenes/scene-29.md	58	கருடன் : (கோபமாய்) டேய் ! மில் தொழிலாளிகளுக்காக புஸ்தகம் எழுதினா...	கருடன்: (கோபமாய்) டேய் ! மில் தொழிலாளிகளுக்காக புஸ்தகம் எழுதினா...
352	whitespace-only	36	28		works/tirumbippaar/transcription/parts/part-03-pdf-36-63.md	18	works/tirumbippaar/scenes/scene-29.md	62	கருடன் : பெரிய தொழிலாளி இவுரு ! பரந்தாமா! நீ எழுத ஆரம்பிச்சுடு ! லாபத்திலே உனக்கு கால், எனக்கு முக்கால்.	கருடன்: பெரிய தொழிலாளி இவுரு ! பரந்தாமா! நீ எழுத ஆரம்பிச்சுடு ! லாபத்திலே உனக்கு கால், எனக்கு முக்கால்.
354	whitespace-only	36	28		works/tirumbippaar/transcription/parts/part-03-pdf-36-63.md	20	works/tirumbippaar/scenes/scene-29.md	66	கருடன் : அறை ! (அறைதல்)	கருடன்: அறை ! (அறைதல்)
356	bracket-parenthesis	36	28	30	works/tirumbippaar/transcription/parts/part-03-pdf-36-63.md	24	works/tirumbippaar/scenes/scene-30.md	8	(பாமாவின் தந்தை குணரத்னம் பூமாலையிடம் தன் மகளைப்பற்றி வருத்தமுடன் கூறிக்கொண்டிருக்கிறார்]	[பாமாவின் தந்தை குணரத்னம் பூமாலையிடம் தன் மகளைப்பற்றி வருத்தமுடன் கூறிக்கொண்டிருக்கிறார்]
357	whitespace-only	36	28	30	works/tirumbippaar/transcription/parts/part-03-pdf-36-63.md	25	works/tirumbippaar/scenes/scene-30.md	10	குணரத்னம் : அவள் மாத்திரமா போனாள்.வீட்டை அடமானம் வச்சு, செஞ்சுப்போட்ட ஆயிரம் ரூபாய் நகையோடவும் போய்ட்டா!	குணரத்னம்: அவள் மாத்திரமா போனாள்.வீட்டை அடமானம் வச்சு, செஞ்சுப்போட்ட ஆயிரம் ரூபாய் நகையோடவும் போய்ட்டா!
359	whitespace-only	36	28	30	works/tirumbippaar/transcription/parts/part-03-pdf-36-63.md	27	works/tirumbippaar/scenes/scene-30.md	14	குணரத்னம் : (அதை வாங்கி) ஏன்? இதை நான் யாருக்குப் போட்டு அழகு பார்க்கப் போகிறேன். நீயே வச்சுக்க. (கீழே போட்டுவிட்டு) எனக்குத் துரோகம் பண்ணுனவுங்க தொலைஞ்சு போய்டுவாங்க !...	குணரத்னம்: (அதை வாங்கி) ஏன்? இதை நான் யாருக்குப் போட்டு அழகு பார்க்கப் போகிறேன். நீயே வச்சுக்க. (கீழே போட்டுவிட்டு) எனக்குத் துரோகம் பண்ணுனவுங்க தொலைஞ்சு போய்டுவாங்க !...
363	whitespace-only	37	29	30	works/tirumbippaar/transcription/parts/part-03-pdf-36-63.md	34	works/tirumbippaar/scenes/scene-30.md	24	பரந்தாமன் : ஏன் இப்படிக் கீழே கிடக்கிறது. (எடுக்கிறான்) எல்லாம் பொன்னகைதானே?	பரந்தாமன்: ஏன் இப்படிக் கீழே கிடக்கிறது. (எடுக்கிறான்) எல்லாம் பொன்னகைதானே?
370	whitespace-only	37	29	30	works/tirumbippaar/transcription/parts/part-03-pdf-36-63.md	41	works/tirumbippaar/scenes/scene-30.md	38	பூமாலை : ஏன் ! அந்தத் திரைமறைவிலே சுலபமாக ஏமாற்ற முடியுமென்று கருதுகிறாயா? பெண் இனத்தை மண்ணில் நெளியும் புழுக் கூட்டமாக மதித்துவிட்ட பித்தனே ! எங்கு போனாள் பாமா? சொல். எங்கே அவளைத் தவிக்கவிட்டாய்? எரிமலைமீது விளையாட வந்த அந்த ஏழைச் சிறுமியின் கதி என்னவாயிற்று. சொல்! சொல்ல மாட்டாயா பாவி ! எங்கே பாமா?	பூமாலை: ஏன் ! அந்தத் திரைமறைவிலே சுலபமாக ஏமாற்ற முடியுமென்று கருதுகிறாயா? பெண் இனத்தை மண்ணில் நெளியும் புழுக் கூட்டமாக மதித்துவிட்ட பித்தனே ! எங்கு போனாள் பாமா? சொல். எங்கே அவளைத் தவிக்கவிட்டாய்? எரிமலைமீது விளையாட வந்த அந்த ஏழைச் சிறுமியின் கதி என்னவாயிற்று. சொல்! சொல்ல மாட்டாயா பாவி ! எங்கே பாமா?
371	whitespace-only	37	29	30	works/tirumbippaar/transcription/parts/part-03-pdf-36-63.md	42	works/tirumbippaar/scenes/scene-30.md	40	பரந்தாமன் : பரலோகத்தில் போய் தேடிப்பார் !	பரந்தாமன்: பரலோகத்தில் போய் தேடிப்பார் !
380	whitespace-only	38	30	32	works/tirumbippaar/transcription/parts/part-03-pdf-36-63.md	58	works/tirumbippaar/scenes/scene-32.md	10	பரந்தாமன் : எட்டணாதான் அதோட மரியாதையா போ! நான்சன்ஸ்...	பரந்தாமன்: எட்டணாதான் அதோட மரியாதையா போ! நான்சன்ஸ்...
381	whitespace-only	38	30	32	works/tirumbippaar/transcription/parts/part-03-pdf-36-63.md	59	works/tirumbippaar/scenes/scene-32.md	12	கூலி : ஏன்ய்யா பெரிய மனுஷன் சின்ன வார்த்தையெல்லாம் பேசுரே. நான்சன்சாம்ல ...	கூலி: ஏன்ய்யா பெரிய மனுஷன் சின்ன வார்த்தையெல்லாம் பேசுரே. நான்சன்சாம்ல ...
384	whitespace-only	38	30	32	works/tirumbippaar/transcription/parts/part-03-pdf-36-63.md	62	works/tirumbippaar/scenes/scene-32.md	18	பரந்தாமன் : தொழிலாளி. தொழிலாளியாம் தொழிலாளி ... ........	பரந்தாமன்: தொழிலாளி. தொழிலாளியாம் தொழிலாளி ... ........
389	whitespace-only	39	31	32	works/tirumbippaar/transcription/parts/part-03-pdf-36-63.md	70	works/tirumbippaar/scenes/scene-32.md	30	கருடன் : பேரு மட்டுமா ! இரண்டு நாள்ள 5000 காப்பி வித்திருக்கு ! அப்றம் என்ன?	கருடன்: பேரு மட்டுமா ! இரண்டு நாள்ள 5000 காப்பி வித்திருக்கு ! அப்றம் என்ன?
391	whitespace-only	39	31	32	works/tirumbippaar/transcription/parts/part-03-pdf-36-63.md	72	works/tirumbippaar/scenes/scene-32.md	34	கருடன் : யார் நீங்க !	கருடன்: யார் நீங்க !
392	whitespace-only	39	31	32	works/tirumbippaar/transcription/parts/part-03-pdf-36-63.md	73	works/tirumbippaar/scenes/scene-32.md	36	புண்யகோடி : தெரியலியா என்னை. நான்தான் தொழிலாளர் தலைவன். நான் ஏன் வந்திருக்கேன் தெரியுமில்ல....	புண்யகோடி: தெரியலியா என்னை. நான்தான் தொழிலாளர் தலைவன். நான் ஏன் வந்திருக்கேன் தெரியுமில்ல....
393	whitespace-only	39	31	32	works/tirumbippaar/transcription/parts/part-03-pdf-36-63.md	74	works/tirumbippaar/scenes/scene-32.md	38	கருடன் : என்னாங்க....	கருடன்: என்னாங்க....
395	whitespace-only	39	31	32	works/tirumbippaar/transcription/parts/part-03-pdf-36-63.md	76	works/tirumbippaar/scenes/scene-32.md	42	புண்யகோடி : தொழிலாளி சம்பளம் ஜாஸ்தியா கேட்டா, அதை சிந்திச்சு பார்க்க..	புண்யகோடி: தொழிலாளி சம்பளம் ஜாஸ்தியா கேட்டா, அதை சிந்திச்சு பார்க்க..
396	whitespace-only	39	31	32	works/tirumbippaar/transcription/parts/part-03-pdf-36-63.md	77	works/tirumbippaar/scenes/scene-32.md	44	கருடன் : இல்லிங்க, அவன் சம்பளம் கேக்கிலே. இந்த பேப்பர் பேலை தூக்கிட்டு வந்தான்	கருடன்: இல்லிங்க, அவன் சம்பளம் கேக்கிலே. இந்த பேப்பர் பேலை தூக்கிட்டு வந்தான்
397	whitespace-only	39	31	32	works/tirumbippaar/transcription/parts/part-03-pdf-36-63.md	78	works/tirumbippaar/scenes/scene-32.md	46	புண்யகோடி : அது இல்லிங்க! நான் மில் தொழிலாளியை சொல்கிறேன்.	புண்யகோடி: அது இல்லிங்க! நான் மில் தொழிலாளியை சொல்கிறேன்.
399	whitespace-only	39	31	32	works/tirumbippaar/transcription/parts/part-03-pdf-36-63.md	80	works/tirumbippaar/scenes/scene-32.md	50	பரந்தாமன் : கருடா ! வாயால் கத்தி பயன் என்ன? பாட்டாளிகளின் குரல் பலம் பெறவேண்டுமானால், பெரிய கிளர்ச்சி நடத்தவேண்டும்..	பரந்தாமன்: கருடா ! வாயால் கத்தி பயன் என்ன? பாட்டாளிகளின் குரல் பலம் பெறவேண்டுமானால், பெரிய கிளர்ச்சி நடத்தவேண்டும்..
400	whitespace-only	39	31	32	works/tirumbippaar/transcription/parts/part-03-pdf-36-63.md	81	works/tirumbippaar/scenes/scene-32.md	52	புண்யகோடி : அப்படிச் சொல்லுங்க...	புண்யகோடி: அப்படிச் சொல்லுங்க...
401	whitespace-only	40	32	32	works/tirumbippaar/transcription/parts/part-03-pdf-36-63.md	85	works/tirumbippaar/scenes/scene-32.md	56	பரந்தாமன் : இந்த நாட்டின் முதுகெலும்புகள் பாட்டாளிகள். ஒரு தேசத்தின் உயிரே தொழிலாளி வர்க்கம். அதைத் துவண்டுபோக விடக்கூடாது ! நான் கங்கணம் கட்டிவிட்டேன். தொழிலாளி விடுதலைப் போராட்டத்தை விரைவில் தொடங்க வேண்டும்.	பரந்தாமன்: இந்த நாட்டின் முதுகெலும்புகள் பாட்டாளிகள். ஒரு தேசத்தின் உயிரே தொழிலாளி வர்க்கம். அதைத் துவண்டுபோக விடக்கூடாது ! நான் கங்கணம் கட்டிவிட்டேன். தொழிலாளி விடுதலைப் போராட்டத்தை விரைவில் தொடங்க வேண்டும்.
402	whitespace-only	40	32	32	works/tirumbippaar/transcription/parts/part-03-pdf-36-63.md	86	works/tirumbippaar/scenes/scene-32.md	58	புண்யகோடி : சபாஷ் ! சபாஷ் ! தங்களைப்போன்ற உண்மையான உறுதி படைத்த வாலிபர்கள் இருந்தால் உலகத்துக்கே ஒரே நாளில் விமோசனம் பிறந்துவிடும். தாங்கள் எழுதிய பாட்டாளியின் குரல் படிக்கும்போது, படுகிழவனையும் பாலகனாக்குகிறது. கோழையையும் புலியாக்குகிறது. நாளையதினம் நடைபெறும் பொதுக்கூட்டத்திற்கு தாங்கள் தலைமை வகித்தாக வேண்டும்.	புண்யகோடி: சபாஷ் ! சபாஷ் ! தங்களைப்போன்ற உண்மையான உறுதி படைத்த வாலிபர்கள் இருந்தால் உலகத்துக்கே ஒரே நாளில் விமோசனம் பிறந்துவிடும். தாங்கள் எழுதிய பாட்டாளியின் குரல் படிக்கும்போது, படுகிழவனையும் பாலகனாக்குகிறது. கோழையையும் புலியாக்குகிறது. நாளையதினம் நடைபெறும் பொதுக்கூட்டத்திற்கு தாங்கள் தலைமை வகித்தாக வேண்டும்.
405	whitespace-only	40	32	32	works/tirumbippaar/transcription/parts/part-03-pdf-36-63.md	89	works/tirumbippaar/scenes/scene-32.md	64	பரந்தாமன் : தொழிலாளர் என் தோழர்கள் ! அவர்கள் அன்புக்கட்டளையை நிறைவேற்றுகிறேன். இனி இந்த உலகத்தில் தொழிலாளி நினைத்ததெல்லாம் நடக்கவேண்டும்.	பரந்தாமன்: தொழிலாளர் என் தோழர்கள் ! அவர்கள் அன்புக்கட்டளையை நிறைவேற்றுகிறேன். இனி இந்த உலகத்தில் தொழிலாளி நினைத்ததெல்லாம் நடக்கவேண்டும்.
409	whitespace-only	40	32	32	works/tirumbippaar/transcription/parts/part-03-pdf-36-63.md	93	works/tirumbippaar/scenes/scene-32.md	72	கருடன் : சீ போடா! பெரிய உலக விஷயம் பேசிட்டு இருக்கும்போது...	கருடன்: சீ போடா! பெரிய உலக விஷயம் பேசிட்டு இருக்கும்போது...
414	whitespace-only	41	33	33	works/tirumbippaar/transcription/parts/part-03-pdf-36-63.md	103	works/tirumbippaar/scenes/scene-33.md	8	புண்யகோடி : சகோதரர்களே ! நாமெல்லோரும் வெகு ஆவலோடு எதிர்பார்த்திருக்கும் தலைவர் பரந்தாமன் இன்னும் சிறிது நேரத்தில் வந்துவிடுவார். எல்லோரும் அமைதியாயிருங்கள் ! இன்றையதினம் புரட்சிகரமான திட்டங்கள் பல நிறைவேற்றப்பட இருக்கிறது. நாம் யாருக்கும் பயப்படப் போவதில்லை. அச்சமில்லை அச்சமில்லை அகிலமெல்லாம் எதிர்த்துவரினும் அச்சமில்லை.	புண்யகோடி: சகோதரர்களே ! நாமெல்லோரும் வெகு ஆவலோடு எதிர்பார்த்திருக்கும் தலைவர் பரந்தாமன் இன்னும் சிறிது நேரத்தில் வந்துவிடுவார். எல்லோரும் அமைதியாயிருங்கள் ! இன்றையதினம் புரட்சிகரமான திட்டங்கள் பல நிறைவேற்றப்பட இருக்கிறது. நாம் யாருக்கும் பயப்படப் போவதில்லை. அச்சமில்லை அச்சமில்லை அகிலமெல்லாம் எதிர்த்துவரினும் அச்சமில்லை.
422	whitespace-only	42	34	33	works/tirumbippaar/transcription/parts/part-03-pdf-36-63.md	114	works/tirumbippaar/scenes/scene-33.md	26	பரந்தாமன் : தலைவர் அவர்களே ! (ஜனங்கள் சிரிப்பது )ஓகோ, நான்தான் தலைவரோ. மன்னிக்கவும். காடு வெட்டி கழனி திருத்தி காலையிலே மாடோட்டி கலப்பை யெடுத்துச் சென்றால் மாலையிலே வீடுதிரும்பும் மனமொடிந்த பாட்டாளியும், ரத்தத்தை வியர்வைக்குளமாக்கி,சித்தம்சோர்ந்து நித்த நித்தம் உழைக்கும் பஞ்சாலைத் தொழிலாளியும், புத்தம் புதிய வாழ்வு பெறவேண்டுமென்பதே என் நோக்கம் ... ஏழைகள் பசி என்று கூறினால் என் இருதயம் வெடித்துவிடும் போலிருக்கிறது. அவர்கள் கண்ணீர்விட்டால் என் ரத்தமெல்லாம் கொதிக்கிறது.நம் கோரிக்கைகளை ஏற்க மறுக்கும் அவர்களின் கொட்டமடக்க - உடனே வேலைநிறுத்தம். ஒட்டுமொத்தக் கூட்டாகப் புறப்பட வேண்டும் / வெற்றி நமதே! வெற்றி நமதே !	பரந்தாமன்: தலைவர் அவர்களே ! (ஜனங்கள் சிரிப்பது )ஓகோ, நான்தான் தலைவரோ. மன்னிக்கவும். காடு வெட்டி கழனி திருத்தி காலையிலே மாடோட்டி கலப்பை யெடுத்துச் சென்றால் மாலையிலே வீடுதிரும்பும் மனமொடிந்த பாட்டாளியும், ரத்தத்தை வியர்வைக்குளமாக்கி,சித்தம்சோர்ந்து நித்த நித்தம் உழைக்கும் பஞ்சாலைத் தொழிலாளியும், புத்தம் புதிய வாழ்வு பெறவேண்டுமென்பதே என் நோக்கம் ... ஏழைகள் பசி என்று கூறினால் என் இருதயம் வெடித்துவிடும் போலிருக்கிறது. அவர்கள் கண்ணீர்விட்டால் என் ரத்தமெல்லாம் கொதிக்கிறது.நம் கோரிக்கைகளை ஏற்க மறுக்கும் அவர்களின் கொட்டமடக்க - உடனே வேலைநிறுத்தம். ஒட்டுமொத்தக் கூட்டாகப் புறப்பட வேண்டும் / வெற்றி நமதே! வெற்றி நமதே !
426	whitespace-only	42	34	34	works/tirumbippaar/transcription/parts/part-03-pdf-36-63.md	119	works/tirumbippaar/scenes/scene-34.md	12	பையன் : புத்தர், காந்தி	பையன்: புத்தர், காந்தி
428	whitespace-only	42	34	34	works/tirumbippaar/transcription/parts/part-03-pdf-36-63.md	121	works/tirumbippaar/scenes/scene-34.md	16	பையன் : சேரன், சோழன்.... (திணறுவது)	பையன்: சேரன், சோழன்.... (திணறுவது)
429	whitespace-only	42	34	34	works/tirumbippaar/transcription/parts/part-03-pdf-36-63.md	122	works/tirumbippaar/scenes/scene-34.md	18	பூமாலை : உம். சொல்லு	பூமாலை: உம். சொல்லு
435	whitespace-only	43	35	35	works/tirumbippaar/transcription/parts/part-03-pdf-36-63.md	133	works/tirumbippaar/scenes/scene-35.md	10	பூமாலை : சிந்தனைக்கு இடையூறு ஒன்றும் இல்லையே...	பூமாலை: சிந்தனைக்கு இடையூறு ஒன்றும் இல்லையே...
436	whitespace-only	43	35	35	works/tirumbippaar/transcription/parts/part-03-pdf-36-63.md	134	works/tirumbippaar/scenes/scene-35.md	12	பாண்டியன் : இல்லை, இல்லை....	பாண்டியன்: இல்லை, இல்லை....
438	whitespace-only	43	35	35	works/tirumbippaar/transcription/parts/part-03-pdf-36-63.md	136	works/tirumbippaar/scenes/scene-35.md	16	பாண்டியன் : மோனத்திருக்கும் முதிர் சோலையில், கானத்தால் களிப்பூட்டும்	பாண்டியன்: மோனத்திருக்கும் முதிர் சோலையில், கானத்தால் களிப்பூட்டும்
439	whitespace-only	43	35	35	works/tirumbippaar/transcription/parts/part-03-pdf-36-63.md	137	works/tirumbippaar/scenes/scene-35.md	18	பூமாலை : வானம்பாடியின் வரவை எதிர்ப்பார்த்து ஏக்கமா? பாண்டியன்! சிரிக்கும் முல்லையும், சிங்காரக் கொல்லையும் உங்கள் சிந்தைக்கு விருந்தளிக்கப் போதவில்லை என்பதை உணர்ந்துதான் வானம்பாடி பறந்து வந்திருக்கிறது !	பூமாலை: வானம்பாடியின் வரவை எதிர்ப்பார்த்து ஏக்கமா? பாண்டியன்! சிரிக்கும் முல்லையும், சிங்காரக் கொல்லையும் உங்கள் சிந்தைக்கு விருந்தளிக்கப் போதவில்லை என்பதை உணர்ந்துதான் வானம்பாடி பறந்து வந்திருக்கிறது !
444	whitespace-only	43	35	35	works/tirumbippaar/transcription/parts/part-03-pdf-36-63.md	142	works/tirumbippaar/scenes/scene-35.md	28	பரந்தாமன் : யார் இவன்?	பரந்தாமன்: யார் இவன்?
446	whitespace-only	43	35	35	works/tirumbippaar/transcription/parts/part-03-pdf-36-63.md	144	works/tirumbippaar/scenes/scene-35.md	32	பரந்தாமன் : சொல்லவேண்டாம் தெரிகிறது.இந்த அயோக்யனை வீட்டுக்குள்ளே யார் அனுமதித்தது?	பரந்தாமன்: சொல்லவேண்டாம் தெரிகிறது.இந்த அயோக்யனை வீட்டுக்குள்ளே யார் அனுமதித்தது?
447	whitespace-only	43	35	35	works/tirumbippaar/transcription/parts/part-03-pdf-36-63.md	145	works/tirumbippaar/scenes/scene-35.md	34	பூமாலை : (கோபமாக) பரந்தாமா..	பூமாலை: (கோபமாக) பரந்தாமா..
448	whitespace-only	43	35	35	works/tirumbippaar/transcription/parts/part-03-pdf-36-63.md	146	works/tirumbippaar/scenes/scene-35.md	36	பரந்தாமன் : அதட்டாதே ! நீ செய்ததும் ஒரு நல்ல காரியம்தான் ! இவனை நான் பலநாளாகத் தேடிக்கொண்டிருக்கிறேன்.	பரந்தாமன்: அதட்டாதே ! நீ செய்ததும் ஒரு நல்ல காரியம்தான் ! இவனை நான் பலநாளாகத் தேடிக்கொண்டிருக்கிறேன்.
450	whitespace-only	44	36	35	works/tirumbippaar/transcription/parts/part-03-pdf-36-63.md	151	works/tirumbippaar/scenes/scene-35.md	42	பரந்தாமன் : ஆ! பரிசு கொடுக்க. இந்தா பதிலுக்குப் பதில் வாங்கிக்கொள்!	பரந்தாமன்: ஆ! பரிசு கொடுக்க. இந்தா பதிலுக்குப் பதில் வாங்கிக்கொள்!
452	whitespace-only	44	36	35	works/tirumbippaar/transcription/parts/part-03-pdf-36-63.md	153	works/tirumbippaar/scenes/scene-35.md	46	பரந்தாமன் : ஆ ...என்ன !...குமுதா!	பரந்தாமன்: ஆ ...என்ன !...குமுதா!
464	page-attribution	45	37	36	works/tirumbippaar/transcription/parts/part-03-pdf-36-63.md	170	works/tirumbippaar/scenes/scene-36.md	18	பூமாலை: அதைக் கேட்க நான் இருக்கிறேனே! அவனை எனக்கு நேராகவே	பூமாலை: அதைக் கேட்க நான் இருக்கிறேனே! அவனை எனக்கு நேராகவே
466	whitespace-only	45	37	36	works/tirumbippaar/transcription/parts/part-03-pdf-36-63.md	172	works/tirumbippaar/scenes/scene-36.md	24	பூமாலை : உனக்கு ?	பூமாலை: உனக்கு ?
468	whitespace-only	45	37	36	works/tirumbippaar/transcription/parts/part-03-pdf-36-63.md	174	works/tirumbippaar/scenes/scene-36.md	28	பூமாலை : (திடுக்கிட்டு) காதலனா?	பூமாலை: (திடுக்கிட்டு) காதலனா?
470	whitespace-only	45	37	36	works/tirumbippaar/transcription/parts/part-03-pdf-36-63.md	176	works/tirumbippaar/scenes/scene-36.md	32	பூமாலை : உன் காதலன்?	பூமாலை: உன் காதலன்?
476	whitespace-only	45	37	36	works/tirumbippaar/transcription/parts/part-03-pdf-36-63.md	182	works/tirumbippaar/scenes/scene-36.md	44	பூமாலை : சே ! எவ்வளவு பெரிய தவறு செய்துவிட்டேன்! குமுதா	பூமாலை: சே ! எவ்வளவு பெரிய தவறு செய்துவிட்டேன்! குமுதா
479	whitespace-only	45	37	36	works/tirumbippaar/transcription/parts/part-03-pdf-36-63.md	185	works/tirumbippaar/scenes/scene-36.md	50	குமுதா : பிறகென்ன நான் அன்பு காட்டியது தவறா?	குமுதா: பிறகென்ன நான் அன்பு காட்டியது தவறா?
482	whitespace-only	45	37	36	works/tirumbippaar/transcription/parts/part-03-pdf-36-63.md	188	works/tirumbippaar/scenes/scene-36.md	56	பூமாலை : விளங்க வேண்டாம் உனக்கு, விளங்கவே வேண்டாம்.	பூமாலை: விளங்க வேண்டாம் உனக்கு, விளங்கவே வேண்டாம்.
501	bracket-parenthesis	46	38	37	works/tirumbippaar/transcription/parts/part-03-pdf-36-63.md	211	works/tirumbippaar/scenes/scene-37.md	38	பாண்டியன்: (படத்தைப் பார்த்து) அப்பா ! எனக்கு கல்யாணமே வேண்டாமப்பா!"	பாண்டியன்: (படத்தைப் பார்த்து) அப்பா ! எனக்கு கல்யாணமே வேண்டாமப்பா!
749	ellipsis-punct-count	65	57	49	works/tirumbippaar/transcription/parts/part-04-pdf-64-91.md	37	works/tirumbippaar/scenes/scene-49.md	36	பரந்தாமன்: ஒகோ...... ஏன் குயிலு வார்த்தையை சொல்லியா கூவுது. என்னமோ கத்துது. அதையுந்தான் குயில் பாடுதுங்கிறான்.	பரந்தாமன்: ஒகோ ஏன் குயிலு வார்த்தையை சொல்லியா கூவுது. என்னமோ கத்துது. அதையுந்தான் குயில் பாடுதுங்கிறான்.
773	whitespace-only	67	59	52	works/tirumbippaar/transcription/parts/part-04-pdf-64-91.md	73	works/tirumbippaar/scenes/scene-52.md	8	புண்யகோடி: (சாப்பிட்டுக் கொண்டே) பரந்தாமனைப் போல ஒரு நாணயமான தலைவனைப் பார்க்க முடியாது. நல்ல ஒழுக்கம்,நேர்மையான நடத்தை இவைகளுக்கெல்லாம் ஒரே ஒரு ஏக எடுத்துக்காட்டு நமது பரந்தாமனேதான்.	புண்யகோடி: (சாப்பிட்டுக் கொண்டே) பரந்தாமனைப் போல ஒரு நாணயமான தலைவனைப் பார்க்க முடியாது. நல்ல ஒழுக்கம், நேர்மையான நடத்தை இவைகளுக்கெல்லாம் ஒரே ஒரு ஏக எடுத்துக்காட்டு நமது பரந்தாமனேதான்.
774	other-punctuation	67	59	52	works/tirumbippaar/transcription/parts/part-04-pdf-64-91.md	74	works/tirumbippaar/scenes/scene-52.md	10	தொழிலாளி ஒருவன்: நீங்க புகழ்ந்து பேசுறீங்க. உங்க புள்ளைதான் எழுதியிருக்கு 'போலித் தலைவன்'' என்று.	தொழிலாளி ஒருவன்: நீங்க புகழ்ந்து பேசுறீங்க. உங்க புள்ளைதான் எழுதியிருக்கு 'போலித் தலைவன்' என்று.
794	quote-dash-glyph	69	61	54	works/tirumbippaar/transcription/parts/part-04-pdf-64-91.md	104	works/tirumbippaar/scenes/scene-54.md	8	"பயங்கரமான வழிப்பறி. லேடி டாக்டர் உஷா தேவியின் நெக்லஸ் பறிபோயிற்று " - நேற்று இரவு கோவைக்குப் பக்கமுள்ள குனியமுத்தூர் கிராமத்திற்கு வைத்தியம் பார்க்கச் சென்று திரும்பிய, சிவசக்தி மில் முதலாளியின் புதல்வி லேடி டாக்டர் உஷாதேவியை சிலர் வழிமறித்து அவளுடைய ஐயாயிர ரூபாய் பெறுமானமுள்ள நெக்லஸை கொண்டுபோய் விட்டார்கள். போலீஸார் புலன் விசாரிக்கிறார்கள்.	“பயங்கரமான வழிப்பறி. லேடி டாக்டர் உஷா தேவியின் நெக்லஸ் பறிபோயிற்று”—நேற்று இரவு கோவைக்குப் பக்கமுள்ள குனியமுத்தூர் கிராமத்திற்கு வைத்தியம் பார்க்கச் சென்று திரும்பிய, சிவசக்தி மில் முதலாளியின் புதல்வி லேடி டாக்டர் உஷாதேவியை சிலர் வழிமறித்து அவளுடைய ஐயாயிர ரூபாய் பெறுமானமுள்ள நெக்லஸை கொண்டுபோய் விட்டார்கள். போலீஸார் புலன் விசாரிக்கிறார்கள்.
